{
  "sampleCount": 52,
  "modelType": "monotonic_phone_weight",
  "maeG": 28.155088141025658,
  "rmseG": 56.73948562155891,
  "maxAbsErrorG": 270.05208333333303,
  "deflectionRangeMm": [
    2.1157944706583303,
    14.496335614440534
  ],
  "weightRangeG": [
    300.0,
    5015.7
  ]
}